<?xml version="1.0" encoding="UTF-8"?>
<beans default-lazy-init="true"
	xmlns="http://www.springframework.org/schema/beans" xmlns:p="http://www.springframework.org/schema/p"
	xmlns:xsi="http://www.w3.org/2001/XMLSchema-instance" xmlns:context="http://www.springframework.org/schema/context"
	xmlns:tx="http://www.springframework.org/schema/tx" xmlns:mvc="http://www.springframework.org/schema/mvc"
	xsi:schemaLocation="  
       http://www.springframework.org/schema/beans   
       http://www.springframework.org/schema/beans/spring-beans-4.3.xsd  
       http://www.springframework.org/schema/mvc   
       http://www.springframework.org/schema/mvc/spring-mvc-4.3.xsd   
       http://www.springframework.org/schema/tx   
       http://www.springframework.org/schema/tx/spring-tx-4.3.xsd   
       http://www.springframework.org/schema/context
       http://www.springframework.org/schema/context/spring-context-4.3.xsd">
       

	<bean id="sqlSessionFactory" class="org.mybatis.spring.SqlSessionFactoryBean">
		<property name="dataSource" ref="dataSource" />
		<property name="configLocation" value="classpath:mybatis-config.xml"></property>
		<!-- 自动扫描mapping.xml文件 -->
		<property name="mapperLocations">
			<list>
				<value>classpath:mapper/*.xml</value>
			</list>
		</property>
	</bean>
	<!-- Mapper接口所在包，Spring会自动查找其下的Mapper -->
	<bean class="org.mybatis.spring.mapper.MapperScannerConfigurer">
		<property name="basePackage" value="cn.tedu.**.dao " />
	</bean>

</beans>