<?xml version="1.0" encoding="UTF-8"?>
<beans default-lazy-init="true"
    xmlns="http://www.springframework.org/schema/beans" 
    xmlns:p="http://www.springframework.org/schema/p"
    xmlns:xsi="http://www.w3.org/2001/XMLSchema-instance" 
    xmlns:context="http://www.springframework.org/schema/context"
    xmlns:tx="http://www.springframework.org/schema/tx"
    xmlns:mvc="http://www.springframework.org/schema/mvc"
    xsi:schemaLocation="  
       http://www.springframework.org/schema/beans   
       http://www.springframework.org/schema/beans/spring-beans-4.3.xsd  
       http://www.springframework.org/schema/mvc   
       http://www.springframework.org/schema/mvc/spring-mvc-4.3.xsd   
       http://www.springframework.org/schema/tx   
       http://www.springframework.org/schema/tx/spring-tx-4.3.xsd   
       http://www.springframework.org/schema/context
       http://www.springframework.org/schema/context/spring-context-4.3.xsd">
       
    <!-- 自动扫描该包 -->
    <context:component-scan base-package="cn.tedu.ttms" />
    <!-- springMVC数据转化与格式化 -->
    <mvc:annotation-driven conversion-service="conversionService" />
    <bean id="conversionService"
        class="org.springframework.format.support.FormattingConversionServiceFactoryBean">
    </bean>
    <!-- 对静态资源的访问由HandlerMapping转到DefaultServletHttpRequestHandler处理并返回 -->
    <mvc:default-servlet-handler />
    <!-- 定义跳转的文件的前后缀 ，视图模式配置 -->
    <bean id="viewResolver" class="org.springframework.web.servlet.view.InternalResourceViewResolver">
        <!-- 自动给后面action的方法return的字符串加上前缀和后缀，变成一个 可用的url地址 -->
        <property name="prefix" value="/WEB-INF/pages/" />
        <property name="suffix" value=".jsp"></property>
    </bean>  
</beans>