<?xml version="1.0" encoding="UTF-8"?>
<!DOCTYPE mapper PUBLIC "-//mybatis.org//DTD Mapper 3.0//EN" "http://mybatis.org/dtd/mybatis-3-mapper.dtd">
<mapper namespace="cn.tedu.ttms.system.dao.MenuDao">
	<!-- 查询所有 -->
	<select id="findObjects" resultType="map">
		select
			m.*,
		    (select p.name from sys_menu p where p.id = m.parentId) as parentName 
		from
			sys_menu m
	</select>
	
	<!-- 分页统计 -->
	<select id="getRowCounts" resultType="java.lang.Integer">
		select 
			count(*)
		from
			sys_menu
		where
			parentId is null
	</select>
	<!-- 查询所有，用于展示选择菜单树结构 -->
	<select id="findTreeData" resultType="map">
		select
			id,
			name,
			parentId
		from
			sys_menu
	</select>
	<!-- 保存操作 -->
	<insert id="save" parameterType="cn.tedu.ttms.system.entity.Menu">
		insert into
			sys_menu(name,url,type,sort,parentId,permission,createdTime,modifiedTime)
		values
			(#{entity.name},#{entity.url},#{entity.type},#{entity.sort},#{entity.parentId},
			#{entity.permission},NOW(),NOW())
			
	</insert>
	<!-- 根据id查询菜单信息 -->
	<select id="findObjectById" resultType="map">
		select 
			m.name,
			m.url,
			m.type,
			m.sort,
			m.parentId,
			m.permission,
			(select p.name from sys_menu p where p.id = m.parentId) as parentName
		from 
			sys_menu m
		where
			m.id = #{id}
	</select>
	<!-- 更新菜单信息 -->
	<update id="updateObject" parameterType="cn.tedu.ttms.system.entity.Menu">
		update
			sys_menu
		set
			name= #{entity.name},
			url = #{entity.url},
			type = #{entity.type},
			sort = #{entity.sort},
			parentId = #{entity.parentId},
			permission = #{entity.permission},
			modifiedTime = NOW()
		where
			id = #{entity.id}
	</update>
	<!-- 查询要删除的菜单是否有子菜单 -->
	<select id="hasChild" resultType="java.lang.Integer">
		select
			count(*)
		from
			sys_menu
		where
			parentId = #{menuId}
	</select>
	<!-- 删除菜单按钮 -->
	<delete id="deletObject">
		delete from sys_menu where id = #{id}
	</delete>
</mapper>