<?xml version="1.0" encoding="UTF-8"?>
<!DOCTYPE mapper PUBLIC "-//mybatis.org//DTD Mapper 3.0//EN" "http://mybatis.org/dtd/mybatis-3-mapper.dtd">
<!-- 
 classpath:mapper/ProjectMapper.xml
 -->
<mapper namespace="cn.tedu.ttms.team.dao.TeamDao">

  <!-- 一般涉及到多表查询时,返回的结果通常会封装到map对象
       对应dao中的方法:
    List<Map<String,Object> findPageObjects(...);
   -->
  <select id="findPageObjects" resultType="map">
     select t.*,p.name projectName
     from tms_teams t join tms_projects p
     on t.projectId=p.id
     <where>
       <if test='projectName!=null and projectName!=""'>
            p.name like CONCAT ("%",#{projectName},"%")
       </if>
       <if test='valid!=null'>
            and t.valid=#{valid}
       </if>
     </where>
     ORDER BY t.createdTime desc
     LIMIT #{startIndex},#{pageSize}
  </select>
  <!-- 统计记录数(要根据记录数计算总页数) -->
  <select id="getRowCount" 
      resultType="java.lang.Integer">
      select count(*)
      from tms_teams t join tms_projects p
      on t.projectId=p.id
      <where>
       <if test='projectName!=null and projectName!=""'>
          p.name like CONCAT ("%",#{projectName},"%")
       </if>
       <if test='valid!=null'>
          and t.valid=#{valid}
       </if>
     </where>
  </select>

  <!-- 插入项目信息 -->
  <insert id="insertObject" 
   parameterType="cn.tedu.ttms.team.entity.Team">
   
      INSERT INTO tms_teams
      (
      id,
      name,
      projectId,
      valid,
      note,
      createdUser,
      modifiedUser,
      createdTime,
      modifiedTime
      )
      values(
      #{id},
      #{name},
      #{projectId},
      #{valid},
      #{note},
      #{createdUser},
      #{modifiedUser},
      NOW(),
      NOW()) 
  </insert>
 </mapper> 